<keymap version="1" name="Default for XWin copy" parent="Default for XWin">
  <action id="Back">
    <mouse-shortcut keystroke="button4" />
    <keyboard-shortcut first-keystroke="alt left" />
  </action>
  <action id="Diff.NextChange" />
  <action id="Diff.PrevChange" />
  <action id="Forward">
    <mouse-shortcut keystroke="button5" />
    <keyboard-shortcut first-keystroke="alt right" />
  </action>
  <action id="GotoDeclaration">
    <mouse-shortcut keystroke="control button1" />
    <keyboard-shortcut first-keystroke="ctrl g" />
  </action>
  <action id="GotoLine">
    <keyboard-shortcut first-keystroke="ctrl b" />
  </action>
  <action id="NextTab" />
  <action id="PreviousTab" />
</keymap>